name,url,username,password,note
accounts.google.com,https://accounts.google.com,user01@gmail.com,Pass@123,Personal
facebook.com,https://facebook.com,user01.fb,FBpass#01,Social
twitter.com,https://twitter.com,user_tw01,Tw@12345,Social
github.com,https://github.com,usergit01,Gh!pass01,Dev
linkedin.com,https://linkedin.com,user.link01,Link@2024,Work
amazon.com,https://amazon.com,amazonuser01,Amz#1234,Shopping
netflix.com,https://netflix.com,netuser01,Net!flix1,Streaming
spotify.com,https://spotify.com,spotuser01,Spot@fy1,Music
dropbox.com,https://dropbox.com,dropuser01,Drop#box1,Cloud
appleid.apple.com,https://appleid.apple.com,appleuser01,Apple@123,Apple
microsoftonline.com,https://login.microsoftonline.com,msuser01,MS@pass01,Office
reddit.com,https://reddit.com,reddituser01,Red#dit1,Forum
instagram.com,https://instagram.com,instauser01,Insta@01,Photos
slack.com,https://slack.com,slackuser01,Slack#01,Work
zoom.us,https://zoom.us,zoomuser01,Zoom@123,Meetings
notion.so,https://notion.so,notionuser01,Not!on01,Notes
trello.com,https://trello.com,trellouser01,Trello@1,Tasks
jira.atlassian.com,https://jira.atlassian.com,jirauser01,Jira#123,Projects
confluence.atlassian.com,https://confluence.atlassian.com,confuser01,Conf@01,Docs
aws.amazon.com,https://aws.amazon.com,awsuser01,Aws#2024,Cloud
portal.azure.com,https://portal.azure.com,azureuser01,Azur@123,Cloud
cloud.google.com,https://cloud.google.com,gcpuser01,Gcp#cloud,Cloud
paypal.com,https://paypal.com,payuser01,Pay@pal1,Payments
stripe.com,https://stripe.com,stripeuser01,Stripe#01,Payments
upwork.com,https://upwork.com,upuser01,Up@work1,Freelance
fiverr.com,https://fiverr.com,fivuser01,Fiv#err1,Gigs
medium.com,https://medium.com,meduser01,Med@ium1,Blog
dev.to,https://dev.to,devuser01,Dev#to01,Dev
stackoverflow.com,https://stackoverflow.com,stackuser01,Stack@01,QnA
leetcode.com,https://leetcode.com,leetuser01,Leet#01,Coding
hackerrank.com,https://hackerrank.com,hackuser01,Hack@123,Coding
coursera.org,https://coursera.org,courseuser01,Course#1,Learning
udemy.com,https://udemy.com,udemyuser01,Ude@my1,Learning
khanacademy.org,https://khanacademy.org,khanuser01,Khan#01,Learning
duolingo.com,https://duolingo.com,duouser01,Duo@123,Language
airbnb.com,https://airbnb.com,airuser01,Air#bnb1,Travel
booking.com,https://booking.com,bookuser01,Book@123,Travel
uber.com,https://uber.com,uberuser01,Uber#01,Transport
lyft.com,https://lyft.com,lyftuser01,Lyft@123,Transport
doordash.com,https://doordash.com,dooruser01,Door#01,Food
grubhub.com,https://grubhub.com,grubuser01,Grub@01,Food
youtube.com,https://youtube.com,ytuser01,YT@pass1,Video
tiktok.com,https://tiktok.com,tikuser01,Tik#tok1,Video
pinterest.com,https://pinterest.com,pinuser01,Pin@123,Ideas
canva.com,https://canva.com,canuser01,Canva#01,Design
figma.com,https://figma.com,figuser01,Fig@ma1,Design
